Short text length,Wikipedia Miner Accuracy,DBPedia Spotlight Accuracy,RESLVE Accuracy,Human Consensus
97.0,1.0,1.0,0.5,1.0
105.0,0.6,0.2,0.4,0.6
113.0,0.5,1.0,0.25,1.0
129.0,0.333333333333,0.333333333333,0.166666666667,0.5
137.0,0.433333333333,0.566666666667,0.533333333333,0.866666666667
140.0,0.555555555556,0.555555555556,0.333333333333,0.888888888889
